Nom,Auteurs,"Sujets, Mots-clés",Mis à jour,Création,Licence,Début,Fin,Lignes,Sites,Type,Etat,Couverture,Couverture Geom,Échelle,Langue,Description
France_sud_enceintes_Fer,Marcello Turci - Loup Bernard,"Enceintes, Age du Fer, Oppidum, Provence, Languedoc",2020-09-03 14:21,2020-09-01 11:25,CC-BY-NC,-1249,13,927,926,Recherche,Terminée,Pays,"{""type"":""Polygon"",""coordinates"":[[[2.7303798,43.04573],[2.7303798,44.315512224916],[7.53612480535337,44.315512224916],[7.53612480535337,43.04573],[2.7303798,43.04573]]]}",Site,fr,Table synthétique des enceintes de l'âge du Fer dans le Midi à destination des géographes et cartographes.
France_sud_villes_habitats_antiques,Marcello Turci - Loup Bernard,"Chef lieu, villes, relais routières, Antiquité, Provence, Languedoc",2020-09-01 16:11,2020-09-01 15:49,CC-BY-NC,-750,1491,127,126,Recherche,Terminée,Pays,"{""type"":""Polygon"",""coordinates"":[[[0.8325,42.46495],[0.8325,45.37169],[7.27625009943034,45.37169],[7.27625009943034,42.46495],[0.8325,42.46495]]]}",Site,fr,"Synthesis table of the main cities, towns, road relays of Antiquity in the South of France for non-specialist modellers."
France_sud_Villae romaines,Marcello Turci - Loup Bernard,"Villae, possible villae, établissements rurals de type villa, époque romain, Provence, Languedoc",2020-09-01 15:31,2020-09-01 14:40,CC-BY-NC,-118,600,1267,1266,Recherche,Terminée,Pays,"{""type"":""Polygon"",""coordinates"":[[[0.8325,42.6664084877099],[0.8325,44.8699414841023],[7.39040429787734,44.8699414841023],[7.39040429787734,42.6664084877099],[0.8325,42.6664084877099]]]}",Pays,fr,Synthetic table of the villae and villa-type establishments of the Roman period in the South of France for non-specialist modelers
France_sud_Villae_Ouzoulias2015,Marcello Turci,"Villae, époque romain, Provence, Languedoc, caractère exceptionnel",2020-09-01 14:18,2020-09-01 14:02,CC-BY-NC,-118,600,89,88,Inventaire,Terminée,Pays,"{""type"":""Polygon"",""coordinates"":[[[0.98734103530088,42.6664084877099],[0.98734103530088,44.56638465699],[7.00024791636763,44.56638465699],[7.00024791636763,42.6664084877099],[0.98734103530088,42.6664084877099]]]}",Site,fr,Synthetic table of the great villae of the Roman period in the South of France for non-specialized modellers.
Phenicien_Proche-Orient_hellenistique,Elodie GUILLON,"sites phéniciens, époque hellénistique",2020-08-31 17:05,2020-08-31 15:11,CC-BY-NC,-1100,700,2794,638,Recherche,Terminée,Continent,"{""type"":""Polygon"",""coordinates"":[[[34.546451,31.66216],[34.546451,35.371844],[36.458285,35.371844],[36.458285,31.66216],[34.546451,31.66216]]]}",Région,fr,"Sites phéniciens répertoriés et publiés, situés sur le territoire des cités phéniciennes. Les données ont été utilisées pour un travail de recherche de doctorat, sur le thème des arrière-pays des cités phéniciennes à l'époque hellénistique, publié sur HAL : https://tel.archives-ouvertes.fr/tel-00991865/document"
Sites cultuels romains du Rhin supérieur,Jean-Philippe Droux - Laurence Kelhetter,"Temples et mobilier religieux, Empire romain",2020-04-21 14:41,2020-04-21 14:41,CC-BY-NC-SA,-550,449,238,101,Recherche,En cours,Pays,"{""type"":""Polygon"",""coordinates"":[[[7.04618,47.53557],[7.04618,49.22971],[9.46457,49.22971],[9.46457,47.53557],[7.04618,47.53557]]]}",Site,fr,Etude du paysage religieux du Rhin supérieur à la période romaine - PIR  Laurence KELHETTER 2020
Objets parures lapidaires amérindiens en Antilles,Alain Queffelec - Jean-Baptiste CAVERNE,"Antilles, Caraïbe, Parures, Perles, Matières premières, Archéométrie",2020-04-06 19:18,2020-04-06 19:18,CC-BY-NC,-500,1914,5085,5080,Recherche,En cours,Continent,"{""type"":""Polygon"",""coordinates"":[[[-77.8,2.246573],[-77.8,24.09849],[-51.641553,24.09849],[-51.641553,2.246573],[-77.8,2.246573]]]}",Objet,fr,"Cette base de données regroupe les travaux menés par le PCR PAAF. Elle contient l'inventaire des objets de parure saladoïde des Antilles françaises, ainsi que les données issues de la littérature, pour les autres îles de la Caraïbe. Elle a vocation à regrouper l'ensemble des données de l'arc antillais et du nord-est de l'Amérique du Sud."
Patrimoine architectural-mh-Merimee Lozere,Philippe Jullien,"Patrimoine architectural, monument historique, circulation, production hydraulique",2020-04-01 17:35,2020-04-01 17:35,CC-BY-NC,-118,1894,23,13,Inventaire,En cours,Pays,"{""type"":""Polygon"",""coordinates"":[[[3.19389,44.23274],[3.19389,44.710094],[3.93615,44.710094],[3.93615,44.23274],[3.19389,44.23274]]]}",Site,fr,"Immeubles protégés au titre des Monuments Historiques en Lozère, France. Il s'agit d'un extrait de la base Mérimée (circulation,production, hydraulique, gallo-romain, etc). Licence Ouverte (Etalab) chronologie utilisée : Cévennes"
Habitat fer Provence Delphine,Loup Bernard - Delphine Isoardi - Jean-Philippe Droux,"Habitat, enceinte, Provence, Âge du Fer",2020-02-07 17:01,2019-01-24 11:18,CC-BY-NC-SA,-2100,13,1943,1462,Recherche,En cours,Pays,"{""type"":""Polygon"",""coordinates"":[[[4.467347,43.093062],[4.467347,45.051091],[7.55413,45.051091],[7.55413,43.093062],[4.467347,43.093062]]]}",Site,fr,"Habitat, enceinte, Provence, Âge du Fer"
Cultuel Provence Âge du fer Delphine,Loup Bernard - Delphine Isoardi - Jean-Philippe Droux,Cultuel Provence Âge du fer Delphine,2020-01-31 10:48,2019-01-24 19:07,CC-BY-NC-SA,-1250,13,122,80,Recherche,En cours,Pays,"{""type"":""Polygon"",""coordinates"":[[[4.6575199,43.120541],[4.6575199,44.240968],[7.139131,44.240968],[7.139131,43.120541],[4.6575199,43.120541]]]}",Site,fr,Cultuel Provence Âge du fer Delphine
Sites fortifiés et de hauteur Néo/Proto du Jura ,Jean-Baptiste CAVERNE,"Enceinte, éperon barré, Néolithique, Protohistoire",2020-01-23 21:41,2019-02-04 21:14,CC-BY-NC,-4500,-26,92,91,Inventaire,En cours,Pays,"{""type"":""Polygon"",""coordinates"":[[[5.300174,45.744063],[5.300174,47.817264],[8.233649,47.817264],[8.233649,45.744063],[5.300174,45.744063]]]}",Site,fr,Répartition des sites fortifiés et de hauteur pré- et protohistoriques dans le massif jurassien et ses abords
Funéraire Provence Âge du Fer Delphine,Loup Bernard - Delphine Isoardi - Jean-Philippe Droux,Funéraire Provence Âge du Fer,2020-01-21 11:22,2019-01-24 16:01,CC-BY-NC-SA,-2100,13,525,512,Recherche,En cours,Pays,"{""type"":""Polygon"",""coordinates"":[[[4.6277768,43.120541],[4.6277768,45.045842],[7.323877,45.045842],[7.323877,43.120541],[4.6277768,43.120541]]]}",Site,fr,Funéraire Provence Âge du Fer
"Danubius, sites chrétiens",Jean-Philippe Droux - Dominic Moreau,"Danubius, sites chrétiens",2019-11-22 16:23,2019-11-22 16:23,CC-BY-NC,400,1199,19,18,Recherche,En cours,Continent,"{""type"":""Polygon"",""coordinates"":[[[27.541283,43.88424],[27.541283,45.270526],[29.19792,45.270526],[29.19792,43.88424],[27.541283,43.88424]]]}",Site,fr,"Le projet DANUBIUS propose d’étudier la christianisation des régions danubiennes sur le très long temps, entre le IIIe et le VIIIe siècle ap. J.-C. Cette problématique n’a pas fait l’objet d’une synthèse complète depuis Les origines chrétiennes dans les provinces danubiennes de l’Empire romain de Jacques Zeiller (Paris, 1918). Ce projet – qui constitue la première étape d’un programme de recherche international et interdisciplinaire de longue durée – repose ainsi la question à la lumière de l’avancée scientifique des cent dernières années, à la fois en histoire et en archéologie, pour une meilleure compréhension de l’évolution simultanée de l’organisation ecclésiastique et de la topographie chrétienne. Dans un premier temps, il se concentrera sur la dernière section du Danube à avoir été perdue par Constantinople, qui est aussi la partie du fleuve la mieux documentée par les sources littéraires, c’est-à-dire le Bas-Danube (les provinces romaines tardives de Dacia Ripensis, Moesia Secunda et Scythia). Pour atteindre les objectifs, un système d’information géographique (SIG) des sièges épiscopaux et autres sites chrétiens sera déployé. Il sera structuré autour de trois axes.
Le premier axe, duquel sont issues les données déposées dans ArkeoGIS, prévoit la compilation d’une base de données analytique des sources anciennes, qui constitue le noyau du SIG. Elle rassemblera toutes les traces – tant matérielles qu’écrites (notamment les inscriptions, in situ ou non) – du christianisme dans la région jusqu’au VIIIe siècle. Cette base de données consacrera une fiche à chaque source enregistrée, une fiche qui correspondra à un protocole prédéterminé et à une typologie stricte, tout en offrant différentes possibilités de saisie textuelle (les textes anciens seront copiés dans leur langue d’origine et ne feront pas simplement l’objet de références bibliographiques), complétées par des images, des plans, des résultats de prospection de tous types, etc. Compte tenu de l’ampleur et de la richesse du matériel à traiter, on se concentrera dans un premier temps sur les sièges épiscopaux, les groupes épiscopaux et le mobilier lié à la fonction de l’évêque. Cette partie heuristique du projet offrira une classification sans précédent de la documentation nécessaire pour répondre à la problématique des relations entre christianisme et militarisation le long du Danube romain tardif."
"Danubius, sièges épiscopaux",Jean-Philippe Droux - Dominic Moreau,"DANUBIUS, Sièges épiscopaux",2019-11-22 16:21,2019-11-22 16:21,CC-BY-NC,169,799,212,211,Recherche,En cours,Continent,"{""type"":""Polygon"",""coordinates"":[[[14.469143,34.867327],[14.469143,45.560018],[44.83368,45.560018],[44.83368,34.867327],[14.469143,34.867327]]]}",Site,fr,"Le projet DANUBIUS propose d’étudier la christianisation des régions danubiennes sur le très long temps, entre le IIIe et le VIIIe siècle ap. J.-C. Cette problématique n’a pas fait l’objet d’une synthèse complète depuis Les origines chrétiennes dans les provinces danubiennes de l’Empire romain de Jacques Zeiller (Paris, 1918). Ce projet – qui constitue la première étape d’un programme de recherche international et interdisciplinaire de longue durée – repose ainsi la question à la lumière de l’avancée scientifique des cent dernières années, à la fois en histoire et en archéologie, pour une meilleure compréhension de l’évolution simultanée de l’organisation ecclésiastique et de la topographie chrétienne. Dans un premier temps, il se concentrera sur la dernière section du Danube à avoir été perdue par Constantinople, qui est aussi la partie du fleuve la mieux documentée par les sources littéraires, c’est-à-dire le Bas-Danube (les provinces romaines tardives de Dacia Ripensis, Moesia Secunda et Scythia). Pour atteindre les objectifs, un système d’information géographique (SIG) des sièges épiscopaux et autres sites chrétiens sera déployé. Il sera structuré autour de trois axes.
Le premier axe, duquel sont issues les données déposées dans ArkeoGIS, prévoit la compilation d’une base de données analytique des sources anciennes, qui constitue le noyau du SIG. Elle rassemblera toutes les traces – tant matérielles qu’écrites (notamment les inscriptions, in situ ou non) – du christianisme dans la région jusqu’au VIIIe siècle. Cette base de données consacrera une fiche à chaque source enregistrée, une fiche qui correspondra à un protocole prédéterminé et à une typologie stricte, tout en offrant différentes possibilités de saisie textuelle (les textes anciens seront copiés dans leur langue d’origine et ne feront pas simplement l’objet de références bibliographiques), complétées par des images, des plans, des résultats de prospection de tous types, etc. Compte tenu de l’ampleur et de la richesse du matériel à traiter, on se concentrera dans un premier temps sur les sièges épiscopaux, les groupes épiscopaux et le mobilier lié à la fonction de l’évêque. Cette partie heuristique du projet offrira une classification sans précédent de la documentation nécessaire pour répondre à la problématique des relations entre christianisme et militarisation le long du Danube romain tardif."
villas narbonnaise test aix,Marcello Turci - nicolas bernigaud,villas narbonnaise test aix,2019-11-18 15:00,2019-11-18 15:00,CC-BY-NC,indéterminé,indéterminé,140,139,Recherche,En cours,Pays,"{""type"":""Polygon"",""coordinates"":[[[4.05646472922431,6.56889519775506],[4.05646472922431,6.65434580939492],[4.11636928382807,6.65434580939492],[4.11636928382807,6.56889519775506],[4.05646472922431,6.56889519775506]]]}",Site,fr,villas narbonnaise test aix villas narbonnaise test aix
Bibracte_Interventions_2010_2018,Matthieu THIVET,"Oppida, Bibracte, intervention, age du Fer, protohistoire",2019-09-17 23:28,2019-05-16 17:05,CC-BY-NC,-120,-20,181,66,Recherche,En cours,Pays,"{""type"":""Polygon"",""coordinates"":[[[4.01242174469518,46.9214301700885],[4.01242174469518,46.9571080420737],[4.05151539056376,46.9571080420737],[4.05151539056376,46.9214301700885],[4.01242174469518,46.9214301700885]]]}",Site,fr,Base de dépôt dans le cadre de Bibracte Numérique
Scories Alsace Chosson,Jean-Philippe Droux - Michael Chosson,Scories Alsace,2019-04-25 13:19,2019-04-25 13:19,CC-BY-NC,-1350,-26,1471,1470,Recherche,Terminée,Pays,"{""type"":""Polygon"",""coordinates"":[[[7.26953155,47.49678736],[7.26953155,48.8152359],[7.79395579,48.8152359],[7.79395579,47.49678736],[7.26953155,47.49678736]]]}",Site,fr,Scories Alsace
Verduron et sites contemporains,Loup Bernard - alain zasadzinski,"Verduron, Marseille grecque, Celtes méridionaux, IIIe s. av. J.-C.",2019-04-24 17:59,2019-04-24 15:31,CC-BY-NC,-300,-26,21,3,Recherche,En cours,Pays,"{""type"":""Polygon"",""coordinates"":[[[5.2757833070808,43.371387],[5.2757833070808,43.396194],[5.338889,43.396194],[5.338889,43.371387],[5.2757833070808,43.371387]]]}",Site,fr,Verduron et sites contemporains fouillés autour de Marseille grecque au IIIe s. av. J.-C.
Sites_bassin_versant_Anapodaris,Quentin Drillat,"Sites archéologiques, bassin versant de l'Anapodaris, Messara, Crète, Grèce",2019-04-18 14:29,2017-03-06 13:07,CC-BY-NC-SA,-1430,330,190,134,Recherche,Terminée,Pays,"{""type"":""Polygon"",""coordinates"":[[[25.0972307121656,34.9980337257101],[25.0972307121656,35.1663949097652],[25.4462884470936,35.1663949097652],[25.4462884470936,34.9980337257101],[25.0972307121656,34.9980337257101]]]}",Site,fr,"Inventaire des sites archéologiques du bassin versant de l'Anapodaris (Crète, Grèce), entre le Minoen Récent II et l'époque romaine, dans le cadre d'un travail de Master."
Barbau 2019 Objets italiques en Gaule ,Lizzie Scholtus - Clémentine BARBAU,"Petit mobilier, mobilier italique, Gaule",2019-03-26 14:50,2019-03-26 14:47,CC-BY-NC-SA,-360,450,968,114,Recherche,Terminée,Pays,"{""type"":""Polygon"",""coordinates"":[[[-3.443701916,44.10058369],[-3.443701916,50.54836994],[8.588047866,50.54836994],[8.588047866,44.10058369],[-3.443701916,44.10058369]]]}",Objet,fr,"Durant les deux derniers siècles avant notre ère, des objets de type italique, c’est-à-dire caractérisant la culture matérielle de l’Italie tardo-républicaine apparaissent progressivement en Gaule. L’identification de ces objets du quotidien et leur analyse typologique et contextuelle permettent une approche renouvelée du phénomène de romanisation de la Gaule. L’objectif de cette étude est de mettre en exergue les modalités chronologiques, spatiales et culturelles de la diffusion de ce type de mobilier. La confrontation des résultats avec les données issues des études céramologiques et architecturales permet de brosser un tableau affiné du processus d’acculturation. La prise en compte de la nature des sites, ainsi que de la diversité des types d’objets considérés, permet de souligner la variété des comportements des populations locales face à la réception de ces mobiliers exogènes. Que ce soit dans le commerce ou en intégrant l’armée romaine, les élites locales ont joué un rôle majeur au sein des interactions avec l’Italie, mais aussi pour la diffusion de ces objets et l’intégration des nouveaux modèles italiques."
Article_Rhin_CM_FS_2019,Charlène Morel - Ferreol Salomon,"Rhin, Géoarchéologie, Alsace, Ried, Paléochenaux",2019-02-25 17:46,2019-02-25 17:33,CC-BY-NC,-6500,799,68,67,Recherche,En cours,Pays,"{""type"":""Polygon"",""coordinates"":[[[7.84566072,48.70272701],[7.84566072,48.86772379],[8.0828363,48.86772379],[8.0828363,48.70272701],[7.84566072,48.70272701]]]}",Site,fr,Base de données comprenant les sites et les résultats géoarchéologiques du secteur entre Seltz et Drusenheim. Cette base de données compète l'article publié ... (En cours)
Sources MATPREM Perles Antilles,Alain Queffelec,Lithique,2019-01-09 12:10,2019-01-08 15:46,CC-BY-NC,indéterminé,indéterminé,68,67,Inventaire,En cours,Monde,"{""type"":""Polygon"",""coordinates"":[[[-117.5,-29.690403],[-117.5,40.6119444444444],[-39.602076,40.6119444444444],[-39.602076,-29.690403],[-117.5,-29.690403]]]}",Site,fr,Gites potentiels de matière première pour la réalisation d'objets de parure à la période Céramique dans les Antilles
test mobilier CCE Alsace,Loup Bernard - Agathe MULOT,test mobilier CCE Alsace,2018-12-04 18:03,2018-12-04 17:59,CC-BY-NC,-125,1492,4,3,Inventaire,En cours,Pays,"{""type"":""Polygon"",""coordinates"":[[[7.48622956440542,48.6205001783246],[7.48622935624242,48.6204984204376],[7.48622863480656,48.6204967232523],[7.48622742782225,48.6204951519906],[7.48622578167327,48.6204937670352],[7.48622375962021,48.6204926216091],[7.48622143936942,48.6204917597304],[7.48621891008682,48.6204912145207],[7.48621626897128,48.6204910069319],[7.48621361751933,48.6204911449416],[7.48621105762472,48.6204916232462],[7.48620868766274,48.6204924234646],[7.48620659870965,48.6204935148451],[7.48620487104274,48.6204948554464],[7.48620357105529,48.62049639375],[7.48620274870511,48.6204980706398],[7.48620243559471,48.6204998216738],[7.48620264375678,48.6205015795609],[7.48620336519183,48.6205032767463],[7.48620457217557,48.6205048480082],[7.48620621832432,48.6205062329639],[7.48620824037752,48.6205073783903],[7.48621056062878,48.6205082402692],[7.48621308991213,48.6205087854792],[7.48621573102859,48.6205089930681],[7.48621838248147,48.6205088550584],[7.48622094237688,48.6205083767536],[7.48622331233943,48.6205075765349],[7.48622540129275,48.6205064851541],[7.48622712895953,48.6205051445525],[7.4862284289465,48.6205036062487],[7.48622925129593,48.6205019293587],[7.48622956440542,48.6205001783246]]]}",Site,fr,test mobilier CCE Alsace
Rituel habitat âge du Fer(Vosges Forêt-Noire),Jean-Philippe Droux,Rituel symbolique habitat âge du Fer Vosges Forêt-Noire,2018-11-19 19:09,2018-11-19 18:25,CC-BY-NC-SA,-2200,449,780,392,Recherche,Terminée,Pays,"{""type"":""Polygon"",""coordinates"":[[[7.3234319537683,48.112215085598],[7.3234319537683,48.895909486142],[7.9855785821004,48.895909486142],[7.9855785821004,48.112215085598],[7.3234319537683,48.112215085598]]]}",Site,fr,"Inventaire du potentiel symbolique et rituel dans l'habitat de l'âge du Fer entre Vosges et Forêt-Noire, 2 volumes, mémoire de Master sous la direction de Bernard (L), Université de Strasbourg, 2013"
Sites antiques du Massif calcaire de Syrie du Nord,Jean-Philippe Droux - Catherine Duvette,"Mot clés : implantions rurales, habitat, églises, pressoirs à huile et à vin, bains, tombeaux, citernes, hellénistique, romain, byzantin, Massif calcaire, Syrie du Nord",2018-09-13 19:40,2017-02-27 15:42,CC-BY-NC,-300,1400,1349,684,Recherche,En cours,Pays,"{""type"":""Polygon"",""coordinates"":[[[36.25915,35.36423],[36.25915,36.53648],[37.11703,36.53648],[37.11703,35.36423],[36.25915,35.36423]]]}",Site,fr,"Les « villes mortes » de la Syrie du Nord, comme on les désignait autrefois, constituent un des ensembles archéologiques les plus extraordinaires au monde. Il s'agit de plus de 650 sites d’époques hellénistique, romaine et byzantine qui se trouvent dans une vaste région comprise entre la frontière turque au nord et la cité d'Apamée au sud, les vallées de l'Afrin et de l'Oronte à l'Ouest et la plaine d'Alep à l'Est. Ils occupent un ensemble de plateaux   connu sous le nom de Massif calcaire. Cette base recense les sites prospectés, fouillés et étudiés sur cette zone depuis la fin du XIXe siècle et les met en relation avec une bibliographie actualisée. Elle constitue la première matrice d'un groupe de bases thématiques, scientifiques et patrimoniales, qui sera progressivement intégré à ArkeoGIS."
Stolpersteine,Loup Bernard,http://www.stolpersteine.eu/,2018-06-12 12:35,2018-06-11 19:52,CC-BY-NC-SA,indéterminé,indéterminé,45,44,Inventaire,En cours,Continent,"{""type"":""Polygon"",""coordinates"":[[[7.733161,48.571591],[7.733161,48.591386],[7.772043,48.591386],[7.772043,48.571591],[7.733161,48.571591]]]}",Objet,fr,"http://www.stolpersteine.eu/ Stolpersteine, test en cours"
ADAB_2011_Nord,Jean-Philippe Droux - Erich Lieb,ADAB Nord,2018-04-05 17:12,2018-03-24 12:47,CC-BY-NC-SA,-3000000,2016,4166,4159,Inventaire,Terminée,Pays,"{""type"":""Polygon"",""coordinates"":[[[7.71516067884119,48.2168402157865],[7.71516067884119,49.6111098758453],[9.04730206580147,49.6111098758453],[9.04730206580147,48.2168402157865],[7.71516067884119,48.2168402157865]]]}",Site,fr,"In der Datenbank ADABweb sind im Sommer 2009 rund 170.000 Objekte der Archäologie und der Bau- und Kunstgeschichte eingetragen. Der Erfassungsstand variiert in den einzelnen Landkreisen. Kombiniert werden die Kulturdenkmale mit den Daten der Automatischen Liegenschaftskarte, topographischen Karten in unterschiedlichen Maßstäben, landesweiten Orthofotos der Landesvermessung, den so genannten Urnummernkarten, das heißt den ersten Flurkarten aus dem 19. Jahrhundert, die zurzeit digitalisiert werden. Auch externe Datenquellen können per WMS/WFS eingebunden und visualisiert werden. Außerdem sind mehr als 40.000 digitalisierte Pläne und Gebäudegrundrisse aus dem Planarchiv der Denkmalpflege digital recherchierbar. Seit Februar 2009 werden sukzessive die Bilder des Luftbildarchivs des Landesamtes für Denkmalpflege digitalisiert und im Kontext zum jeweiligen Objekt direkt zugänglich gemacht. Ergebnisse von archäologischen Ausgrabungen (Grabungspläne) werden nach und nach eingebunden. Der Verbleib der Funde im Zentralen Fundarchiv Rastatt (ZFA) wird durch die Kombination zweier Datenbanken - Esslingen (LAD) und Rastatt (ZFA) - in ADABweb nachgewiesen."
ADAB_2011_Sud,Jean-Philippe Droux,Adab sud,2018-03-25 16:52,2018-03-25 16:37,CC-BY-NC-SA,-3000000,1999,1594,1590,Inventaire,En cours,Pays,"{""type"":""Polygon"",""coordinates"":[[[7.52371988348306,47.5369064735619],[7.52371988348306,48.2548182916315],[8.40260565376766,48.2548182916315],[8.40260565376766,47.5369064735619],[7.52371988348306,47.5369064735619]]]}",Site,fr,"In der Datenbank ADABweb sind im Sommer 2009 rund 170.000 Objekte der Archäologie und der Bau- und Kunstgeschichte eingetragen. Der Erfassungsstand variiert in den einzelnen Landkreisen. Kombiniert werden die Kulturdenkmale mit den Daten der Automatischen Liegenschaftskarte, topographischen Karten in unterschiedlichen Maßstäben, landesweiten Orthofotos der Landesvermessung, den so genannten Urnummernkarten, das heißt den ersten Flurkarten aus dem 19. Jahrhundert, die zurzeit digitalisiert werden. Auch externe Datenquellen können per WMS/WFS eingebunden und visualisiert werden. Außerdem sind mehr als 40.000 digitalisierte Pläne und Gebäudegrundrisse aus dem Planarchiv der Denkmalpflege digital recherchierbar. Seit Februar 2009 werden sukzessive die Bilder des Luftbildarchivs des Landesamtes für Denkmalpflege digitalisiert und im Kontext zum jeweiligen Objekt direkt zugänglich gemacht. Ergebnisse von archäologischen Ausgrabungen (Grabungspläne) werden nach und nach eingebunden. Der Verbleib der Funde im Zentralen Fundarchiv Rastatt (ZFA) wird durch die Kombination zweier Datenbanken - Esslingen (LAD) und Rastatt (ZFA) - in ADABweb nachgewiesen."
Brotschberg_2017,Steeve Gentner,"Brotschberg, Habitat, Mobilier, Prospection",2018-03-07 22:45,2018-03-07 22:45,CC-BY-NC,-6500,1600,45,44,Recherche,Terminée,Pays,"{""type"":""Polygon"",""coordinates"":[[[7.323163,48.704695],[7.323163,48.708176],[7.32718,48.708176],[7.32718,48.704695],[7.323163,48.704695]]]}",Objet,fr,"Résultats des prospections menées sur le Brotschberg à Haegen (67, Bas-Rhin) par S. Gentner et M. Walter en Juin 2017 dans le cadre de l'Axe 1 (Enceintes et sites fortifiés du Rhin supérieur) de l'équipe IV - AMER de l'UMR 7044. Cette base de données est complémentaire au rapport d'opération déposé au SRA en 2017 : ""S. Gentner, M. Walter, Les enceintes de hauteur du Brotschberg à Haegen et du Wuestenberg à Rheinhardsmunster (67), deux fortifications de contour du pas de Saverne, Prospection inventaire, Rapport 2017"". Le but de cette base de données est aussi expérimentale, afin de tester le potentiel du logiciel ArkéoGIS à l'échelle d'un site."
Boucles de ceinture artefacts.mom,Lizzie Scholtus - Michel Feugère,Boucles de ceinture en Gaule de l'Est issues de la base Artefacts,2018-02-07 23:22,2018-02-03 23:19,CC-BY-NC-SA,-20,500,357,356,Recherche,En cours,Continent,"{""type"":""Polygon"",""coordinates"":[[[5.39833,47.24878],[5.39833,49.98419],[8.41944,49.98419],[8.41944,47.24878],[5.39833,47.24878]]]}",Objet,fr,"Extraction des boucles de ceinture romaines depuis la base artefacts.mom.fr, pour la Gaule de l'Est"
Cours cartes de confiance,Charlène Morel,"Alsace, Carte de confiance, Cours",2018-01-31 14:51,2018-01-31 14:51,CC-BY-NC-SA,-6500,1491,150,149,Recherche,Terminée,Pays,"{""type"":""Polygon"",""coordinates"":[[[7.4908876,48.363754],[7.4908876,48.43622],[7.7982802,48.43622],[7.7982802,48.363754],[7.4908876,48.363754]]]}",Site,fr,"Base créée dans le cadre d'un cours sur les cartes de confiance. A ne pas utiliser scientifiquement !
1 ligne = 1 site
Les caractérisations de chaque site ont été retirées, il n'en reste qu'une seule ligne."
Sites et indices de sites Paléolithiques d'Alsace,Jean-Philippe Droux - Patrice Wuscher,Sites et indices de sites Paléolithiques d'Alsace,2018-01-23 17:58,2018-01-22 17:57,CC-BY-NC,-3000000,-9601,148,121,Recherche,En cours,Pays,"{""type"":""Polygon"",""coordinates"":[[[6.97750587,47.4553876],[6.97750587,49.0293],[8.17846,49.0293],[8.17846,47.4553876],[6.97750587,47.4553876]]]}",Site,fr,"Inventaire des sites paléolithiques (donc sans le
mésolithique pour l'instant) récemment révisé et remis à jour dans le cadre
du PCR ""Le Paléolithique et le Mésolithique de la Plaine d’Alsace et des
collines sous-vosgiennes. Reprises des données existantes, pistes pour
détecter les sites et approches territoriales"" dirigé par Patrice Wuscher"
SHKR,Franziska Faupel - Oliver Nakoinz,Eisenzeit SHKR,2017-11-09 02:19,2017-09-22 17:21,CC-BY-NC,-2200,580,9849,9848,Recherche,Terminée,Pays,"{""type"":""Polygon"",""coordinates"":[[[6.26687161544985,47.5438021901295],[6.26687161544985,50.6918288400207],[10.4776245683304,50.6918288400207],[10.4776245683304,47.5438021901295],[6.26687161544985,47.5438021901295]]]}",Site,de,"Eisenzeit SHKR, für ArkeoGIS modifiziert (Daten), einigen Koordinaten verändert, einige Fundstellen herausgenommen. Besser in der SHKR nachschauen."
CMorel_Thèse_Alsace,Charlène Morel,"Géoarchéologie, Kochersberg, Loess, Longue durée",2017-10-18 17:35,2017-10-12 16:02,CC-BY-NC,-6500,1500,1849,465,Recherche,Terminée,Pays,"{""type"":""Polygon"",""coordinates"":[[[7.40377365,48.51680275],[7.40377365,48.78697287],[7.84856149,48.78697287],[7.84856149,48.51680275],[7.40377365,48.51680275]]]}",Micro région,fr,"Cette base de données résulte de la compilation des données du S.R.A. de Strasbourg dans le cadre d’une thèse en préparation à l’université de Strasbourg. Le but est d’étudier l’occupation et l’exploitation des lœss aux alentours du Kochersberg (Alsace, France) entre le Néolithique et le XVè siècle. Tous les sites n’ont pas été retenus et intégrés à la base de données. Seuls ceux avec une information assez fiable ont été gardés. Sont donc exclus : les centroïdes, les sites avec une occupation trop lâche pour parler d’habitat, les diagnostics négatifs, la plupart des dépôts, les sites dont la date ou la fonction n’étaient pas déterminées ainsi que le mobilier hors-site."
Sites de métallurgie du fer en Lorraine,Alexandre Disser,"Archéométallurgie, alliages ferreux, Lorraine",2017-10-16 23:52,2017-10-16 23:09,CC-BY-NC-SA,-800,2016,1387,503,Recherche,En cours,Pays,"{""type"":""Polygon"",""coordinates"":[[[4.96899127029747,47.9818093382483],[4.96899127029747,49.5619194146207],[7.1808002139264,49.5619194146207],[7.1808002139264,47.9818093382483],[4.96899127029747,47.9818093382483]]]}",Site,fr,Base de données établie dans le cadre du programme de recherche sur l'archéométallurgie du fer en Lorraine sous la direction de Marc Leroy (LMC IRAMAT-UMR 5060).
"Inventaire d'ouvrages miniers ""anciens""",Luca Banchetti - Alexandre Disser,"Activités minières, Ages des métaux, Antiquité, fer, argent, or, cuivre.",2017-10-05 19:58,2017-10-05 16:50,CC-BY-NC-SA,-2200,2016,792,292,Recherche,Terminée,Pays,"{""type"":""Polygon"",""coordinates"":[[[-3.46667,42.73794],[-3.46667,49.7075],[7.26295,49.7075],[7.26295,42.73794],[-3.46667,42.73794]]]}",Site,fr,"Inventaire réalisé en 2008 sur la base des informations collectées dans la CAG, PATRIARCHE et les bulletins annuels de la SAFEMM."
shkr_koord_test_gk,Loup Bernard - Franziska Faupel,GK3 = EPSG 5683,2017-09-30 14:24,2017-09-30 13:22,CC-BY-NC-SA,-800,1,7,6,Recherche,En cours,Pays,"{""type"":""Polygon"",""coordinates"":[[[8.52297484177384,48.5447156984193],[8.52297484177384,49.4883361202406],[9.27809071939035,49.4883361202406],[9.27809071939035,48.5447156984193],[8.52297484177384,48.5447156984193]]]}",Site,de,GK3 = EPSG 5683
Base_Monnaie,Eneko Hiriart,Base monnaies de Gaule (en cours),2017-08-03 14:27,2017-08-03 04:28,CC-BY-NC-SA,-320,-26,21923,21849,Recherche,En cours,Continent,"{""type"":""Polygon"",""coordinates"":[[[-4.29881124488969,42.3515684654496],[-4.29881124488969,50.9697638977786],[7.35525586098872,50.9697638977786],[7.35525586098872,42.3515684654496],[-4.29881124488969,42.3515684654496]]]}",Objet,fr,Base_Monnaie
Pédologie_Gebhardt,Anne GEBHARDT,"Geomorphologie, Pédo-archéologie, Micromorphologie des sols. Archéologie préventive, recherche programmée. Dynamique des Paysages agraires holocène",2017-07-11 18:05,2017-07-11 17:41,CC-BY-NC-SA,-3000000,2016,118,115,Recherche,En cours,Pays,"{""type"":""Polygon"",""coordinates"":[[[4.54135,47.370817],[4.54135,49.7935],[8.04164,49.7935],[8.04164,47.370817],[4.54135,47.370817]]]}",Site,fr,"Geomorphologie, Pédo-archéologie, Micromorphologie des sols. Archéologie préventive, recherche programmée. Dynamique des Paysages agraires holocène"
Gabon_prehistorique,Loup Bernard - Arielle Boussenga,"Gabon, Préhistoire, Master 1 en cours",2017-06-16 15:35,2017-06-16 15:35,CC-BY-NC,indéterminé,indéterminé,17,14,Recherche,En cours,Pays,"{""type"":""Polygon"",""coordinates"":[[[9.467268,-2.531608],[9.467268,0.683368],[11.889172,0.683368],[11.889172,-2.531608],[9.467268,-2.531608]]]}",Site,fr,"Base de travail d'A. Boussenga, M1 à l'Université de Strasbourg"
Enceintes_Rhin_Walter2016,Loup Bernard - Maxime Walter,Sites perchés fortifiés de la partie nord des vosges,2017-06-10 14:21,2017-06-10 14:16,CC-BY-NC,-6500,1491,160,44,Recherche,En cours,Pays,"{""type"":""Polygon"",""coordinates"":[[[6.735864,48.2219905],[6.735864,49.2673247],[8.0085371,49.2673247],[8.0085371,48.2219905],[6.735864,48.2219905]]]}",Site,fr,"Sites perchés fortifiés de la partie nord des vosges étudiés dans le cadre du master de Maxime Walter désormais en thèse. Inventaire de sites pour l'Axe 1 : Enceintes et sites fortifiés du Rhin supérieur (responsables : C. Féliu, J.-J. Schwien) de l'Équipe IV : Archéologie médio-européenne et rhénane (AMER) du l'UMR7044"
Provence_Fer_Bernard2003,Loup Bernard,Age du Fer Provence sites de hauteur,2017-06-07 18:55,2016-10-19 20:44,CC-BY-NC,-725,-26,935,195,Recherche,Terminée,Pays,"{""type"":""Polygon"",""coordinates"":[[[4.4093041252847,43.161959438401],[4.4093041252847,44.324450055356],[6.0483001680601,44.324450055356],[6.0483001680601,43.161959438401],[4.4093041252847,43.161959438401]]]}",Site,fr,Base des habitats de hauteur de Provence (départements 13 et 84) réalisée dans le cadre d'une thèse sous la direction de D. Garcia
Marseilleveyre_2012_Delphine_Isoardi,Loup Bernard - Luca Banchetti - Sophie BOUFFIER - Delphine Isoardi,"Prospection, Marseilleveyre, Céramique",2017-06-06 17:08,2017-06-06 12:50,CC-BY-NC-SA,-6500,1789,49,45,Recherche,Terminée,Pays,"{""type"":""Polygon"",""coordinates"":[[[5.3529312867646,43.2],[5.3529312867646,43.29695],[5.3936095835579,43.29695],[5.3936095835579,43.2],[5.3529312867646,43.2]]]}",Objet,fr,"La base repose sur les prospections de S. Bouffier et D. Isoardi. S'agissant de données de prospections, tous les sites sont à requêter en ""mobilier/céramique""."
Prospections_Bruno_Baudouin_Riez,Luca Banchetti - Bruno Baudoin,"Prospection, Alpes de Haute-Provence, territoire de Riez, Reii",2017-06-06 13:17,2017-06-06 13:13,CC-BY-NC-SA,-6500,1789,558,557,Recherche,Terminée,Pays,"{""type"":""Polygon"",""coordinates"":[[[5.8014493320616,43.565816299123],[5.8014493320616,44.092799189711],[6.4691211338552,44.092799189711],[6.4691211338552,43.565816299123],[5.8014493320616,43.565816299123]]]}",Site,fr,"Base de données issue de la thèse de B. Baudoin ""La cité de Riez et son territoire""."
PCR_Bouffier_et al.,Loup Bernard - Luca Banchetti - Sophie BOUFFIER,"Prospections, PCR, Marseille, Céramique, diachronique,",2017-06-06 13:11,2017-06-06 12:57,CC-BY-NC-SA,-6500,1789,248,175,Recherche,Terminée,Pays,"{""type"":""Polygon"",""coordinates"":[[[5.3778084292139,43.230386777591],[5.3778084292139,43.368155914537],[5.5538982528413,43.368155914537],[5.5538982528413,43.230386777591],[5.3778084292139,43.230386777591]]]}",Objet,fr,"Cette base correspond aux prospections menées sous la direction de S. Bouffier, D. Isoardi et L. Bernard dans l'Est de la ville actuelle de Marseille et les communes environnantes"
Florence-Mocci_Prospections_Verdon_2003-2006,Luca Banchetti - Florence Mocci,"Verdon, prospections, habitat",2017-06-06 12:47,2017-06-06 12:37,CC-BY-NC-SA,-6500,1789,86,85,Recherche,Terminée,Pays,"{""type"":""Polygon"",""coordinates"":[[[5.96754850621701,43.70301],[5.96754850621701,43.7566421108314],[6.06767,43.7566421108314],[6.06767,43.70301],[5.96754850621701,43.70301]]]}",Site,fr,"Base issue des prospections dirigées par D. Garcia et F. Mocci. En cours d'importation, tous les sites sont renseignés comme ""habitats"", le détail de l'inventaire est en champ ""remarques."
Florence_Mocci_Verdon_1998,Luca Banchetti - Florence Mocci,"Verdon, Prospection, habitat",2017-06-06 12:32,2017-06-06 12:32,CC-BY-NC-SA,-6500,1789,39,35,Recherche,Terminée,Pays,"{""type"":""Polygon"",""coordinates"":[[[5.9912844586147,43.471648334381],[5.9912844586147,43.763659113661],[6.051110943736,43.763659113661],[6.051110943736,43.471648334381],[5.9912844586147,43.471648334381]]]}",Site,fr,"Base correspondant aux prospections de 1997. Le détail des sites est en remarque, en l'état l'essentiel des sites apparaissent comme ""habitat"".
Rapport Intermédiaire de d'opération de Prospection Thématique Pluriannuelle (1996-98) : communes d'Allemagne-en-Provence, Esparron-de-Verdon et Montagnac (Garcia - Mocci). CNRS-SRA PACA, 1997,"
Florence_Mocci_Archéo_Ecrins,Luca Banchetti - Florence Mocci - Kevin Walsh,"Prospection, Néolithique, Ecrins, Moyenne et haute montagne",2017-05-29 17:14,2017-05-29 17:14,CC-BY-NC-SA,-6500,1789,118,117,Recherche,Terminée,Pays,"{""type"":""Polygon"",""coordinates"":[[[6.3620091586106,44.701834370682],[6.3620091586106,44.93181],[6.53333,44.93181],[6.53333,44.701834370682],[6.3620091586106,44.701834370682]]]}",Site,fr,"Cette base est issue des travaux de prospections et de fouille en moyenne et haute-montagne (1800-2700m d'altitude) sous la direction de F. Mocci (CCJ, UMR 7299) et K. Walsh (Université de York) entre 2000 et 2013.
Certains sites prospectés entre 1998 et 2000 et n'ont pas encore été incorporés dans la base. Les caractérisations spécifiques des sites sont à chercher dans le champ remarques."
Arkeogis-v4_Merlan_Grégoire_2015,Luca Banchetti - Grégoire Merlan,"Métallurgie, Fer, Scories, Gaule Méridionale",2017-05-29 14:46,2017-05-29 14:37,CC-BY-NC-SA,-6500,679,631,279,Recherche,Terminée,Pays,"{""type"":""Polygon"",""coordinates"":[[[0.31554638699946,42.38473],[0.31554638699946,45.03333],[7.40429,45.03333],[7.40429,42.38473],[0.31554638699946,42.38473]]]}",Site,fr,Base de données réalisée dans le cadre d'un master recherche sur la métallurgie du fer en Gaule méridionale.
Arkeogis v4_Arbres_remarquables_Loup_Bernard,Luca Banchetti,"test, métadonnées en cours de complétion",2017-05-22 17:59,2017-05-22 17:59,CC-BY-NC,indéterminé,indéterminé,631,627,Inventaire,En cours,Pays,"{""type"":""Polygon"",""coordinates"":[[[4.711874,43.698734],[4.711874,45.057236],[7.045189,45.057236],[7.045189,43.698734],[4.711874,43.698734]]]}",Objet,fr,"test, métadonnées en cours de complétion"
Arkeogis v4_Alexandre_Disser_2008,Luca Banchetti - Alexandre Disser,"Métallurgie, France, mines, fer, or, argent, cuivre",2017-05-22 17:46,2017-05-22 17:46,CC-BY-NC-SA,-6500,1199,789,290,Recherche,Terminée,Pays,"{""type"":""Polygon"",""coordinates"":[[[-7.58806,42.72782],[-7.58806,52.51611],[7.26295,52.51611],[7.26295,42.72782],[-7.58806,42.72782]]]}",Site,fr,"Base inventaire des extractions minières listées dans les CAG en 2008. Mémoire de Master sous la direction de L. Bernard ""Elaboration d'une méthodologie de datation et de caractérisation d'ouvrages miniers anciens, 2008, 2 vol. 450 p."""
OXALID Crete (Greece) extract,Quentin Drillat - Zofia Stos-Gale,"Oxford Archaeological Lead Isotope Database, Aegean Bronze Age, Bronze Age Crete, Crete, Archaeometry, Archaeometallurgy",2017-05-04 19:01,2017-05-04 19:01,CC-BY-NC,-3000,330,671,670,Recherche,Terminée,Pays,"{""type"":""Polygon"",""coordinates"":[[[24.02921,34.93248],[24.02921,35.51124],[26.26204,35.51124],[26.26204,34.93248],[24.02921,34.93248]]]}",Site,fr,"Extrait de la base de données OXALID, Crète (Grèce)"
Campagnes entre Moselle et Rhin dans l'Antiquité,Antonin Nüsslein - Jean-Philippe Droux,"Monde rural, Établissements humains, Antiquité, La Tène finale, Rhin, Moselle",2017-05-02 17:53,2017-05-02 17:42,CC-BY-NC-SA,-320,1491,1655,1654,Recherche,Terminée,Pays,"{""type"":""Polygon"",""coordinates"":[[[6.13470998176883,48.3439259582962],[6.13470998176883,49.1878893170067],[7.65347541852953,49.1878893170067],[7.65347541852953,48.3439259582962],[6.13470998176883,48.3439259582962]]]}",Site,fr,"Les campagnes entre Moselle et Rhin dans l'Antiquité : 
Gisements antiques et de la fin de la période laténienne répertoriés dans quatre zones d'étude (Entre Seille et Nied, Alsace Bossue/Pays de Bitche, Piémont vosgien, Basse vallée de la Bruche) et certains secteurs limitrophes."
Bronzes méridionaux en rapport avec le launacien,Luca Banchetti,"Bronzes, Premier âge du Fer, Launacien, Funéraire, Habitat, Production",2017-04-25 11:17,2017-04-25 11:04,CC-BY-NC-SA,-6500,486,909,904,Recherche,Terminée,Continent,"{""type"":""Polygon"",""coordinates"":[[[0.5216,40.81249],[0.5216,44.89037],[7.323871,44.89037],[7.323871,40.81249],[0.5216,40.81249]]]}",Site,fr,"L'inventaire présente les bronzes dits quotidiens du premier âge du Fer méridional au sens large (-800:-475) comprenant une frange d'hinterland composé des départements du Tarn, Lozère, Aveyron, Ardèche, Drôme et Alpes ainsi que la Catalogne en rapport avec le phénomène launacien mais dans tous les autres contextes archéologiques basé sur une bibliographie uniquement publiée."
Fibules_Nauheim_Artefacts.mom,Lizzie Scholtus - Michel Feugère,Fibules de Nauheim en Gaule de l'Est issues de la base Artefacts,2017-04-14 16:17,2017-04-05 17:14,CC-BY-NC-SA,-150,-26,54,53,Recherche,En cours,Continent,"{""type"":""Polygon"",""coordinates"":[[[5.73842,47.14346],[5.73842,50.18274],[7.71468,50.18274],[7.71468,47.14346],[5.73842,47.14346]]]}",Objet,fr,"Extraction des fibules de Nauheim depuis la base artefacts.mom.fr, pour la Gaule de l'Est"
Féliu_thèse_2008,Clément Féliu,"Age du Fer, La Tène moyenne, La Tène finale, habitat, funéraire, Leuques, Médiomatriques, fortifications,   oppidum",2017-04-13 18:05,2017-04-13 18:05,CC-BY-NC-SA,-460,449,1181,408,Recherche,Terminée,Continent,"{""type"":""Polygon"",""coordinates"":[[[4.919894,47.966709],[4.919894,49.44218],[8.106898,49.44218],[8.106898,47.966709],[4.919894,47.966709]]]}",Site,fr,"Cette base reprend le catalogue de ma thèse de doctorat sur les ""Leuques et Médiomatriques à La Tène moyenne et finale"". Elle regroupe essentiellement les sites d'habitat, qui ont fait l'objet d'une étude approfondie, les nécropoles, envisagées plus rapidement, et l’ensemble des indices de sites (monnaies, mobilier erratique…).

Le numéro des sites renvoie au numéro des fiches du catalogue de ma thèse, disponible en ligne :
http://tel.archives-ouvertes.fr/tel-00613830.
Le lecteur y trouvera les références bibliographiques propres à chacun des ensembles présentés.

La précision des coordonnées varie de quelques mètres à quelques centaines de mètres ; les coordonnées au centroïde sont fixées au centre du village (église).
L'état des connaissances ""Littérature"" correspond aux sites connus uniquement par la littérature mais également aux sites prospectés."
EPD (Extrait),Jean-Philippe Droux - Michelle Leydet,"Pollens fossiles, analyses, carbone 14",2017-04-04 12:52,2017-04-04 12:52,CC-BY-NC,indéterminé,indéterminé,2329,1485,Recherche,En cours,Monde,"{""type"":""Polygon"",""coordinates"":[[[-10.348333,35.683333],[-10.348333,54.216667],[36.616667,54.216667],[36.616667,35.683333],[-10.348333,35.683333]]]}",Site,fr,"Pollens fossiles, analyses, carbone 14. IMPORT EN COURS, Préférer la base source pour l'instant"
Trésors monétaires S-O Gaule/N-E Ibérie (2e AF),Eneko Hiriart,"Trésors, Monnaies, âge de Fer, Dépôts",2017-04-03 22:25,2017-04-03 22:16,CC-BY-NC-SA,-260,-26,164,163,Recherche,Terminée,Continent,"{""type"":""Polygon"",""coordinates"":[[[-3.041812,39.560011],[-3.041812,47.033333],[3.90011,47.033333],[3.90011,39.560011],[-3.041812,39.560011]]]}",Site,fr,"Inventaire des trésors monétaires du sud-ouest de la Gaule et du nord-est de la péninsule Ibérique, pour le second âge du Fer."
IFAO C14 Egypte (Base de test),Jean-Philippe Droux,"Analyses C14, sites archéologiques, Egypte",2017-04-03 16:03,2017-03-30 17:12,CC-BY-NC-SA,indéterminé,indéterminé,570,569,Recherche,En cours,Continent,"{""type"":""Polygon"",""coordinates"":[[[26.803333,24.52858],[26.803333,31.3166],[34.036389,31.3166],[34.036389,24.52858],[26.803333,24.52858]]]}",Site,fr,"Analyses C14, sites archéologiques, Egypte"
OXALID EGYPT Extract,Jean-Philippe Droux - Zofia Stos-Gale,Oxford Archaeological Lead Isotope Database,2017-04-03 16:02,2017-03-31 17:33,CC-BY-NC,-8000,-270,69,68,Recherche,En cours,Pays,"{""type"":""Polygon"",""coordinates"":[[[30.68023,18.53],[30.68023,30.86],[32.8,30.86],[32.8,18.53],[30.68023,18.53]]]}",Site,fr,Oxford Archaeological Lead Isotope Database
Fibules_Nauheim_Striewe_Gaule_Est,Lizzie Scholtus,Fibule de Nauheim en Gaule de l'Est,2017-03-22 19:36,2017-03-22 19:12,CC-BY-NC-SA,-150,26,436,434,Ouvrage,Terminée,Pays,"{""type"":""Polygon"",""coordinates"":[[[5.18623,46.76022],[5.18623,50.17996],[8.36833,50.17996],[8.36833,46.76022],[5.18623,46.76022]]]}",Objet,fr,"Il s'agit de l'inventaire des fibules de Nauheim et assimilées dans l'est de la Gaule, selon la thèse de K. Striewe en 1996"
HYDROMED punique ,Iván Fumadó Ortega - Sophie BOUFFIER,"Aménagements hydrauliques, citernes",2017-03-09 16:19,2017-03-09 16:19,CC-BY-NC,-525,500,73,72,Inventaire,En cours,Pays,"{""type"":""Polygon"",""coordinates"":[[[10.329791215357,36.8596098745077],[10.3297909693897,36.8596081187243],[10.3297903018749,36.8596064352372],[10.3297892384649,36.859604888742],[10.3297878200261,36.8596035386696],[10.329786101068,36.8596024369024],[10.3297841476495,36.8596016257808],[10.3297820348392,36.8596011364758],[10.3297798438312,36.8596009877909],[10.3297776588247,36.8596011854401],[10.3297755637883,36.8596017218279],[10.3297736392329,36.8596025763411],[10.3297719591183,36.8596037161413],[10.3297705880101,36.8596050974267],[10.3297695785994,36.8596066671153],[10.3297689696772,36.8596083648847],[10.3297687846442,36.8596101254907],[10.329769030611,36.8596118812741],[10.3297696981254,36.8596135647613],[10.3297707615351,36.8596151112567],[10.3297721799739,36.8596164613293],[10.3297738989321,36.8596175630967],[10.3297758523509,36.8596183742184],[10.3297779651617,36.8596188635236],[10.3297801561702,36.8596190122085],[10.3297823411771,36.8596188145592],[10.329784436214,36.8596182781714],[10.3297863607696,36.8596174236579],[10.3297880408844,36.8596162838575],[10.3297894119924,36.8596149025719],[10.3297904214028,36.8596133328832],[10.3297910303245,36.8596116351137],[10.329791215357,36.8596098745077]]]}",Site,fr,Inventaire des citernes Punique de Carthage (Tunisie)
OXALID extract,Loup Bernard - Zofia Stos-Gale,"Aegean Bronze Age (Bronze Age Archaeology), Archaeometry, and Archaeolmetallurgy.",2017-03-08 17:29,2017-03-08 17:19,CC-BY-NC,-8000,399,413,376,Recherche,En cours,Continent,"{""type"":""Polygon"",""coordinates"":[[[3.1,-9.71338],[3.1,45.2689],[46.10551,45.2689],[46.10551,-9.71338],[3.1,-9.71338]]]}",Site,fr,"Aegean Bronze Age (Bronze Age Archaeology), Archaeometry, and Archaeolmetallurgy. OXALID"
Base_cruches,Lizzie Scholtus - Cécile Plouin Fortuné,Cruches gallo-romaines en Alsace,2017-02-11 23:15,2017-02-11 23:09,CC-BY-NC-SA,-27,400,213,212,Inventaire,Terminée,Pays,"{""type"":""Polygon"",""coordinates"":[[[6.75979,47.65852],[6.75979,49.11517],[7.74553,49.11517],[7.74553,47.65852],[6.75979,47.65852]]]}",Objet,fr,Référencement des cruches gallo-romaines présentent dans la base cruche hébérgée sur le site de la MISHA
Patriarche_68,Jean-Philippe Droux - Georges TRIANTAFILLIDIS,Patriarche Haut-Rhin (68),2017-02-10 16:28,2016-12-16 16:13,CC-BY-NC,-29000000,2016,12206,10778,Inventaire,Terminée,Pays,"{""type"":""Polygon"",""coordinates"":[[[6.88319354,47.42232797],[6.88319354,48.29328284],[7.60518932,48.29328284],[7.60518932,47.42232797],[6.88319354,47.42232797]]]}",Site,fr,"Patriarche Haut-Rhin (68). Pour l'intégration des données en provenance de Patriarche, les caractérisations les plus larges ont été privilégiées, afin de faire en sorte que l'information apparaisse au résultat d'une requête. Par exemple, ""tour d'habitation"" a été caractérisé comme ""immobilier habitat"". Le champ original a toujours été replacé dans le champ ""COMMENTS"" d'ArkeoGIS.
Les champs concaténés dans ce champ sont les suivants : Vestiges #Commentaire_Structure # Commentaire_Interpretation # Geomorphologie # Geologie # Enfouissement
Le champ ""BIBLIOGRAPHY"" est la concaténation des champs ""Notice"" # ""Identification"", ""Pages_concernees_dans_la_source"" de Patriarche.
Le champ ""SITE_NAME"" correspond au champ ""Nom_et_ou_adresse"" de Patriarche. Lorsqu'il n'est pas précisé dans la source, il est alors rempli par le nom de la commune du site (""MAIN_CITY_NAME"").
Remarque : certains commentaires peuvent apparaître tronqués, cela est inhérent à l'export depuis Patriarche (nombre de caractères limité)."
Antje_Gillich,Lizzie Scholtus - Antje Gillich,sites romains et médiévaux autour de Fribourg,2017-02-05 17:20,2017-02-05 16:53,CC-BY-NC,-6500,1700,2295,811,Recherche,Terminée,Pays,"{""type"":""Polygon"",""coordinates"":[[[7.55422605396643,47.63323],[7.55422605396643,48.2063187675723],[8.90752,48.2063187675723],[8.90752,47.63323],[7.55422605396643,47.63323]]]}",Site,fr,sites romains et médiévaux autour de Fribourg
dendro_sites_ls001,lisa shindo,"dendrochronologie, Alpes, bâti, datation",2017-01-18 17:06,2017-01-18 17:06,CC-BY-NC,865,1970,50,49,Recherche,Terminée,Pays,"{""type"":""Polygon"",""coordinates"":[[[6.093061,43.81816],[6.093061,45.002934],[6.755406,45.002934],[6.755406,43.81816],[6.093061,43.81816]]]}",Site,fr,"Sites étudiés en dendrochronologie dans le cadre de ma thèse, dans les Alpes françaises du sud"
Schieferberg_2016,Steeve Gentner,"Schieferberg, Habitat, Mobilier, Prospection",2017-01-18 11:30,2017-01-18 11:25,CC-BY-NC,-800,1789,72,71,Recherche,En cours,Pays,"{""type"":""Polygon"",""coordinates"":[[[7.289033,48.57788879],[7.289033,48.588923],[7.292973,48.588923],[7.292973,48.57788879],[7.289033,48.57788879]]]}",Objet,fr,"Résultats des prospections menées sur et autour du Schieferberg à Oberhaslach (67, Bas-Rhin) par S. Gentner et M. Walter en Mai 2016 dans le cadre de l'Axe 1 (Enceintes et sites fortifiés du Rhin supérieur) de l'équipe IV - AMER de l'UMR 7044. Cette base de données est complémentaire au rapport d'opération déposé au SRA en 2016 : ""S. Gentner, M. Walter, L'éperon barré du Schieferberg à Oberhaslach (67), Prospection inventaire et microtopographie, Rapport 2016""
Le but de cette base de données est aussi expérimentale, afin de tester le potentiel du logiciel ArkéoGIS à l'échelle d'un site."
Tombes de l'élite du Ha ancien en France,Laurie Cormier,"Élite, épées, vaisselle métallique, harnachement, tumulus, Hallstatt, premier âge du Fer",2017-01-17 15:08,2016-12-03 10:15,CC-BY-NC-SA,-800,-620,679,676,Recherche,Terminée,Pays,"{""type"":""Polygon"",""coordinates"":[[[0.41417,43.30599],[0.41417,50.05233],[7.69422,50.05233],[7.69422,43.30599],[0.41417,43.30599]]]}",Site,fr,"Base de données issue d'un travail de synthèse des tombes de l'élite en France, présenté lors du colloque international des universités de Leyde et Hamburg ""Connected Elites and Regions in the Early Hallstatt Period"" à Leyde (19-20 novembre 2015). Critères de sélection : présence d'armement, vaisselle métallique, éléments de harnachement, de char et/ou objets en or. Deux niveaux d'information : le site (sépulture) et les objets."
Tremblay Cormier 2013,Laurie Cormier,"Mobilier métallique, typologie, Bronze final IIIb, Hallstatt, premier âge du Fer",2017-01-17 14:59,2016-12-03 12:50,CC-BY-NC,-1350,-431,14054,14053,Recherche,Terminée,Pays,"{""type"":""Polygon"",""coordinates"":[[[4.31821,45.64863],[4.31821,50.73982],[9.42472,50.73982],[9.42472,45.64863],[4.31821,45.64863]]]}",Objet,fr,"Cette base de données est issue d'une thèse de doctorat soutenue en 2013 à l'Université de Bourgogne sur le thème des identités culturelles et des échanges dans une aire géographique englobant le nord-est de la France, l'ouest de la Suisse, le sud-ouest de l'Allemagne et le Luxembourg. Elle contient tous les objets métalliques recensés entre le Ha B2/B3 (BFIIIb) et le Ha D3 (Ha final), tous contexte confondus. Les enregistrements contiennent un renvoi au catalogue, désormais consultable dans une monographie publiée aux Éditions Universitaires de Dijon."
dendro_sites_jle001,lisa shindo - Jean-Louis Edouard,Dendrochronologie Datation Bâti Alpes Arbres Mélèze Pin cembro,2017-01-09 17:10,2017-01-09 17:10,CC-BY-NC,751,1991,27,26,Recherche,Terminée,Pays,"{""type"":""Polygon"",""coordinates"":[[[6.448611,44.146667],[6.448611,45.061944],[6.863889,45.061944],[6.863889,44.146667],[6.448611,44.146667]]]}",Site,fr,Etudes dendrochronologiques de sites bâtis dans les Alpes françaises du sud
dendro_living_trees_ls001,lisa shindo,Dendrochronologie Datation Référentiels Alpes Arbres Mélèze Epicea Sapin Pin sylvestre Pin cembro,2016-12-23 17:07,2016-12-23 17:07,CC-BY-NC,933,2010,147,146,Recherche,Terminée,Pays,"{""type"":""Polygon"",""coordinates"":[[[5.118611,43.316667],[5.118611,45.964722],[7.641111,45.964722],[7.641111,43.316667],[5.118611,43.316667]]]}",Micro région,fr,Chronologies de référence réalisées dans les Alpes françaises par plusieurs chercheurs en dendrochronologie
MedMax. Mediterranean future sea level Maximum,Loup Bernard - Matteo Vacchi,radiocarbon dated Relative Sea-Level (RSL),2016-12-21 15:41,2016-12-21 15:34,CC-BY-NC,indéterminé,indéterminé,649,648,Recherche,En cours,Continent,"{""type"":""Polygon"",""coordinates"":[[[-0.44,33.29],[-0.44,45.79],[18.46,45.79],[18.46,33.29],[-0.44,33.29]]]}",Site,fr,"The first quality-controlled database constraining the Holocene sea-level histories along the Spanish, French, Italian, Slovenian, Croatian, Maltese and Tunisian coasts. In the framework of the MedMax project, we completed the review of 909 radiocarbon dated Relative Sea-Level (RSL) data-points along the western Mediterranean coast."
Patriarche_67,Jean-Philippe Droux - Georges TRIANTAFILLIDIS,Patriarche Bas-Rhin (67),2016-12-16 15:29,2016-12-16 15:29,CC-BY-NC,-29000000,2016,12839,10042,Inventaire,Terminée,Pays,"{""type"":""Polygon"",""coordinates"":[[[6.97750587,48.12544826],[6.97750587,49.06333659],[8.18529563,49.06333659],[8.18529563,48.12544826],[6.97750587,48.12544826]]]}",Site,fr,"Patriarche Bas-Rhin (67). Pour l'intégration des données en provenance de Patriarche, les caractérisations les plus larges ont été privilégiées, afin de faire en sorte que l'information apparaisse au résultat d'une requête. Par exemple, ""tour d'habitation"" a été caractérisé comme ""immobilier habitat"". Le champ original a toujours été replacé dans le champ ""COMMENTS"" d'ArkeoGIS.
Les champs concaténés dans ce champ sont les suivants : Vestiges #Commentaire_Structure # Commentaire_Interpretation # Geomorphologie # Geologie # Enfouissement
Le champ ""BIBLIOGRAPHY"" est la concaténation des champs ""Notice"" # ""Identification"", ""Pages_concernees_dans_la_source"" de Patriarche.
Le champ ""SITE_NAME"" correspond au champ ""Nom_et_ou_adresse"" de Patriarche. Lorsqu'il n'est pas précisé dans la source, il est alors rempli par le nom de la commune du site (""MAIN_CITY_NAME"").
Remarque : certains commentaires peuvent apparaître tronqués, cela est inhérent à l'export depuis Patriarche (nombre de caractères limité)."
Hydromed_Monde grec oriental,Luca Banchetti - Sophie BOUFFIER,"Hydromed, monde grec oriental, aménagements hydrauliques, puits, citerne, latrine",2016-12-01 17:03,2016-12-01 17:01,CC-BY-NC,-500,14,219,218,Recherche,Terminée,Monde,"{""type"":""Polygon"",""coordinates"":[[[19.471346,31.200297],[19.471346,40.721763],[29.95527,40.721763],[29.95527,31.200297],[19.471346,31.200297]]]}",Site,fr,"Base de données concernant les aménagements hydrauliques dans le monde grec oriental (pour l'instant Délos, Albanie, Alexandrie) dans le cadre du projet Hydromed."
Mischka_2007,Lizzie Scholtus - Doris Mischka,Région de Fribourg,2016-12-01 12:19,2016-11-30 23:53,CC-BY-NC-SA,-6500,1789,2622,747,Recherche,Terminée,Pays,"{""type"":""Polygon"",""coordinates"":[[[7.52575289083192,47.55],[7.52575289083192,48.2340621848856],[7.98113604259817,48.2340621848856],[7.98113604259817,47.55],[7.52575289083192,47.55]]]}",Site,fr,Région de Fribourg
Archéométallurgie des bronzes hallstattiens,Laurie Cormier,"Bronze, Archéométallurgie, Composition élémentaire, Parure annulaire",2016-11-30 22:57,2016-11-18 21:24,CC-BY-NC,-725,-461,142,141,Recherche,Terminée,Pays,"{""type"":""Polygon"",""coordinates"":[[[7.282094,47.677924],[7.282094,48.86005885],[8.1110878,48.86005885],[8.1110878,47.677924],[7.282094,47.677924]]]}",Objet,fr,"Cette base de données est issue d'un post-doctorat réalisé d'octobre 2014 à septembre 2016, financé par la fondation F. Thyssen et hébergé par le RP Stuttgart, sur l'archéométallurgie des bronzes au premier âge du Fer dans la vallée du Rhin supérieur. La composition élémentaire de 64 parures annulaires de types régionaux et 3 témoins d'activités métallurgiques a été analysée en collaboration avec B. Mille, au C2RMF, par la méthode PIXE. Les résultats de cette étude ont été publiés dans l'article suivant : L. Tremblay Cormier / B. Mille, Étude archéométallurgique de parures hallstattiennes en alliage cuivreux du Rhin supérieur. Bulletin de la Société Préhistorique Française 2016, 113/4, 785-808."
Roscio 2011,Laurie Cormier - Mafalda Roscio,"âge du bronze, funéraire, bronze final, typologie",2016-11-30 22:53,2016-11-30 22:45,CC-BY-NC,-1350,-1051,5720,1558,Recherche,Terminée,Pays,"{""type"":""Polygon"",""coordinates"":[[[2.99331,46.51257],[2.99331,49.91309],[10.18201,49.91309],[10.18201,46.51257],[2.99331,46.51257]]]}",Site,fr,"Base de données issue d'une thèse de doctorat portant sur le début du Bronze final entre le Bassin parisien et le Jura souabe. Présentation par sites et par ensembles funéraires, avec une description des ensembles dans les commentaires."
Tumulus Haguenau Brumath,Rémy Wassong,Tumulus Haguenau Brumath,2016-11-29 18:25,2016-11-29 17:45,CC-BY-NC,-2200,449,765,764,Recherche,Terminée,Pays,"{""type"":""Polygon"",""coordinates"":[[[7.67785962614767,48.6947402809082],[7.67785962614767,48.9029166687294],[8.17847988395971,48.9029166687294],[8.17847988395971,48.6947402809082],[7.67785962614767,48.6947402809082]]]}",Objet,fr,"Base de données du mémoire de master ""Organisation spatiale des nécropoles tumulaires de la forêt de Haguenau"" soutenu à Strasbourg en Juin 2012. Elle répertorie l'ensemble des tertres funéraires conservés dans les forêts de Haguenau, Betschdorf, Hatten, Niederroedern, Seltz et Brumath ainsi que les tertres de Hügelsheim, Iffezheim et Söllingen. Les relevés des tumuli des nécropoles de Kurzgelaend, Schirrheinerweg et Brumath ont été effectué par le Pôle Archéologique Interdépartemental Rhénan (F. Abert, 2009 et F. Abert, P. Rieth 2010). Les numéros ""SITE_ID_SOURCE"" correspondent aux numéros de prospection des tertres dans le catalogue du mémoire (Wassong, 2012). Les éléments exceptionnels ont été défini en fonction de la masse volumique conservé du tumulus (plus de 900m3) ou du mobilier découvert lors des fouilles (importations méditerranéennes)."
Hydromed_Gaule méridionale,Luca Banchetti - Sophie BOUFFIER,"Hydromed, Gaule méridionale, aménagements hydrauliques, évacuation",2016-11-15 10:08,2016-10-04 09:52,CC-BY-NC,-600,14,174,173,Recherche,Terminée,Pays,"{""type"":""Polygon"",""coordinates"":[[[3.115205,43.004167],[3.115205,43.949631],[6.250879,43.949631],[6.250879,43.004167],[3.115205,43.004167]]]}",Site,fr,Base de données sur les aménagements hydrauliques en Gaule méridionale durant le premier millénaire av. J.-C. dans le cadre du projet HYDROMED.
Hydromed_Espagne,Luca Banchetti - Sophie BOUFFIER,"HYDROMED, Espagne, aménagements hydrauliques, citerne, canalisation",2016-11-15 10:00,2016-10-06 17:38,CC-BY-NC,-1000,14,130,128,Recherche,Terminée,Pays,"{""type"":""Polygon"",""coordinates"":[[[-6.284502,36.52261],[-6.284502,42.184979],[4.115813,42.184979],[4.115813,36.52261],[-6.284502,36.52261]]]}",Site,fr,Base de données rassemblant les aménagements hydrauliques du premier millénaire av. J.-C. en Espagne dans le cadre du projet HYDROMED.
Schmid_Merkl_2012,Lizzie Scholtus - Christiane Schmid-Merkl,"Vallée du Rhin, dépôts",2016-11-06 00:29,2016-11-06 00:18,CC-BY-NC-SA,-6500,1789,1917,948,Recherche,Terminée,Pays,"{""type"":""Polygon"",""coordinates"":[[[7.503664,47.561152],[7.503664,50.038399],[8.522589,50.038399],[8.522589,47.561152],[7.503664,47.561152]]]}",Site,fr,Inventaire des dépôts dans la vallée du Rhin
Schmidt_2012_Referenzgebiet,Lizzie Scholtus - Christiane Schmid-Merkl,Archéologie vallée du rhin,2016-10-29 00:42,2016-10-19 12:43,CC-BY-NC-SA,-6500,799,2598,1757,Recherche,Terminée,Pays,"{""type"":""Polygon"",""coordinates"":[[[7.432458,47.979405],[7.432458,49.213625],[8.515953,49.213625],[8.515953,47.979405],[7.432458,47.979405]]]}",Site,fr,Sites d'habitats et funéraires dans la vallée du Rhin
Languedoc Protohistorique,Fabienne Olmer - Réjane Roure - Loup Bernard,Habitat Languedoc âge du Fer Protohistoire amphore D1,2016-10-25 21:19,2016-10-25 21:01,CC-BY-NC,-300,-1,200,199,Recherche,Terminée,Pays,"{""type"":""Polygon"",""coordinates"":[[[2.73037978974725,43.045728913173],[2.73037978974725,44.1564552795145],[4.68081941875472,44.1564552795145],[4.68081941875472,43.045728913173],[2.73037978974725,43.045728913173]]]}",Site,fr,"Base de F. Olmer, R. Roure, R. Bohbot 2012"
Hoehensiedlungen BdW,Loup Bernard,"Sites de Hauteur, enceinte, rempart, hallsatt, La Tène, Fürstensitz, Oppidum",2016-10-07 15:45,2016-07-04 19:00,CC-BY-NC,-800,-26,122,110,Recherche,Terminée,Pays,"{""type"":""Polygon"",""coordinates"":[[[7.516667,47.066666],[7.516667,49.55],[10.466666,49.55],[10.466666,47.066666],[7.516667,47.066666]]]}",Site,de,"Sites perchés fortifiés de l'âge du Fer dans le Bade-Wurtemberg, thèse Loup BERNARD 2003
La base de données originale avant mise au format lexical ArkeoGIS se trouve à cette adresse :
Hoehensiedlungen BdW (BDD Access) : https://www.nakala.fr/data/11280/c8776da6"
Atlas des Sites du Proche-Orient (ASPRO),Jean-Philippe Droux,"Atlas des Sites du Proche-Orient (ASPRO), Epipaléolithique, Néolithique, Chalcolithique",2016-10-05 12:38,2016-10-04 19:24,CC-BY-NC-SA,-16300,-4201,3238,1783,Recherche,En cours,Monde,"{""type"":""Polygon"",""coordinates"":[[[29.783109,24.542962],[29.783109,41.221302],[59.83282,41.221302],[59.83282,24.542962],[29.783109,24.542962]]]}",Site,fr,L’Atlas des Sites du Proche-Orient (ASPRO) se présente comme un répertoire analytique de près de 2 000 sites occupés entre environ 16000 et 4200  av. J.-C. sur un territoire qui s’étend du Sinaï au Turkménistan et de l’Anatolie au golfe Arabo-Persique.
Hydromed_ Monde grec oriental,Luca Banchetti - Sophie BOUFFIER,"Hydromed, monde grec oriental, aménagements hydrauliques, puits, citerne, latrine",2016-09-30 11:22,2016-09-30 11:22,CC-BY-NC,-500,14,114,113,Inventaire,En cours,Continent,"{""type"":""Polygon"",""coordinates"":[[[19.471346,37.399848],[19.471346,40.721763],[25.268875,40.721763],[25.268875,37.399848],[19.471346,37.399848]]]}",Site,fr,Base de données sur les aménagements hydraulique du monde grec oriental dans le cadre du projet Hydromed.
Hydromed_Sicile,Luca Banchetti - Sophie BOUFFIER,"HYDROMED , Sicile",2016-09-30 10:07,2016-09-24 14:33,CC-BY-NC,-800,14,306,304,Inventaire,Terminée,Pays,"{""type"":""Polygon"",""coordinates"":[[[12.79194,36.92574],[12.79194,37.98225],[15.27628,37.98225],[15.27628,36.92574],[12.79194,36.92574]]]}",Objet,fr,Base de données recensant les aménagements hydrauliques de Sicile dans le cadre du projet Hydromed dirigé par Sophie Bouffier.
Murgers,Loup Bernard - Dominique Schwartz,murgers epiérrements paysage,2016-09-23 19:04,2016-09-23 18:51,CC-BY-NC,indéterminé,indéterminé,38,37,Recherche,En cours,Pays,"{""type"":""Polygon"",""coordinates"":[[[7.1025,47.495],[7.1025,48.86139],[7.65194,48.86139],[7.65194,47.495],[7.1025,47.495]]]}",Bassin versant,fr,Inventaire des murgers/Steinrudel d'Alsace par D. Schwartz. Chaque point correspond à un ensemble de structures à l'échelle de la colline.
HYDRΩMED Hydraulique en Sicile,Loup Bernard - Sophie BOUFFIER,Sicile HYDRΩMED aménagements hydrauliques eau puits citerne acqueduc,2016-09-23 18:34,2016-07-04 18:10,CC-BY-NC,-801,14,309,295,Recherche,En cours,Pays,"{""type"":""Polygon"",""coordinates"":[[[12.79194,36.92561],[12.79194,37.98225],[15.27628,37.98225],[15.27628,36.92561],[12.79194,36.92561]]]}",Site,fr,Base de travail de l'ANR HYDRΩMED
Musée Saint-Dié et Vosges,Loup Bernard - Lizzie Scholtus,Inventaire Musée St Dié instrumentum petits objets,2016-09-23 18:31,2016-07-04 17:33,CC-BY-NC,-6500,799,78,77,Recherche,Terminée,Pays,"{""type"":""Polygon"",""coordinates"":[[[6.5827,48.20709],[6.5827,48.38663],[7.04833,48.38663],[7.04833,48.20709],[6.5827,48.20709]]]}",Objet,fr,inventaire partiel des petits objets du musée de St-Dié
Habitats_Ruraux_HAD2-LTC1,Charlène Morel - Muriel Roth-Zehner,"Alsace, Habitats ruraux, Age du Fer",2016-09-23 17:34,2016-09-23 16:59,CC-BY-NC,-620,-201,289,170,Recherche,Terminée,Pays,"{""type"":""Polygon"",""coordinates"":[[[7.266667,47.633333],[7.266667,48.9],[8.016667,48.9],[8.016667,47.633333],[7.266667,47.633333]]]}",Site,fr,"habitats ruraux du Hallstatt D2 à La Tène C1
Base de Muriel Roth-Zehner"
Habitats_BF3-Aug,Charlène Morel - Muriel Roth-Zehner,"Alsace, Habitats, Age du Fer, Augustéen",2016-09-23 12:52,2016-09-23 12:42,CC-BY-NC-SA,-900,36,527,476,Recherche,Terminée,Pays,"{""type"":""Polygon"",""coordinates"":[[[7.083333,47.616667],[7.083333,49],[8.1245613098,49],[8.1245613098,47.616667],[7.083333,47.616667]]]}",Site,fr,Muriel Roth-Zehner's database displaying the settlements in the Rhine valley between the late Bronze age and the augustean period.
Habitats_LTC2-Augustéen,Charlène Morel - Muriel Roth-Zehner,"Habitats, Alsace, La Tène, Age du Fer, Période augustéenne",2016-09-22 22:41,2016-09-22 22:41,CC-BY-NC-SA,-200,36,70,47,Recherche,Terminée,Pays,"{""type"":""Polygon"",""coordinates"":[[[7.3,47.666667],[7.3,48.9],[8.1,48.9],[8.1,47.666667],[7.3,47.666667]]]}",Site,fr,Base de données de Muriel Roth-Zehner au sujet des habitats en plaine du Rhin de La Tène C2 à la période augustéenne.
Alsace archéologique,Jean-Philippe Droux - Loup Bernard,Alsace patrimoine visitable,2016-09-22 18:36,2016-09-22 18:24,CC-BY-NC-SA,-1350,1789,64,28,Ouvrage,Terminée,Pays,"{""type"":""Polygon"",""coordinates"":[[[6.7963,47.44901],[6.7963,49.13203],[8.07437,49.13203],[8.07437,47.44901],[6.7963,47.44901]]]}",Site,fr,"Transcription de l'ouvrage L'Archéologie en Alsace Association pour le promotion de la recherche archéologique en Alsace : sous la dir. de Geneviève Daud, Monique Voegtlin, Christian Jeunesse, Christian Voegtlin Association pour la promotion de la recherche archéologique en Alsace, 1991 183 p.- 4 p. de pl. en coul. , ill. , 30 cm. Cahiers de l'Association pour la promotion de la recherche archéologique en Alsace"
Glas_Wagner_2006,Loup Bernard - Heiko Wagner,"verre, La Tène, bracelet, Schmuck, Glas, Baden-Württemberg",2016-09-22 17:18,2016-09-13 00:50,CC-BY-NC-SA,-800,449,220,145,Ouvrage,Terminée,Pays,"{""type"":""Polygon"",""coordinates"":[[[5.848362,47.378187],[5.848362,50.5235337],[10.304581,50.5235337],[10.304581,47.378187],[5.848362,47.378187]]]}",Site,fr,"Base issue de l'ouvrage de Heiko Wagner : Glasschmuck der Mittel- und Spätlatènezeit am Oberrhein und den angrenzenden Gebieten (= Ausgrabungen und Forschungen. Bd. 1). Greiner, Remshalden 2006, ISBN 3-935383-02-9 (Zugleich: Freiburg (Breisgau), Universität, Dissertation, 1998)."
Schneider-2013,Charlène Morel - Nathalie Schneider,"Sols, Analyses, Formations superficielles",2016-09-21 20:04,2016-09-21 20:04,CC-BY-NC-SA,-6500,2016,120,108,Recherche,Terminée,Pays,"{""type"":""Polygon"",""coordinates"":[[[7.234722,47.57611],[7.234722,49.038333],[8.107778,49.038333],[8.107778,47.57611],[7.234722,47.57611]]]}",Site,fr,Base de travail de N. Schneider listant logs et analyses réalisées dans le cadre de l'INRAP et de l'UMR LIVE
ALISA,Charlène Morel - Martine Trautmann,"Analyses, Sols, Formations Superficielles",2016-09-21 20:00,2016-09-21 20:00,CC-BY-NC-SA,indéterminé,indéterminé,438,132,Recherche,Terminée,Pays,"{""type"":""Polygon"",""coordinates"":[[[5.7488862,47.23722222],[5.7488862,49.48582963],[8.17722222,49.48582963],[8.17722222,47.23722222],[5.7488862,47.23722222]]]}",Site,fr,"La base de données, sols et formations superficielles, a été créée pour le stockage des résultats d'analyses effectuées au laboratoire d’analyse des sols de l'EOST UMS830 CNRS/UdS .
Trois pôles sont représentés : les analyses physico-chimiques - pédologie, les analyses de caractérisations hydrodynamiques et les analyses granulométriques.

Base créée par M. Trautmann"
CMOREL_BDD_Master_v4,Charlène Morel,cf,2016-09-20 12:11,2016-09-20 12:11,CC-BY-NC,-6500,1491,417,160,Recherche,Terminée,Pays,"{""type"":""Polygon"",""coordinates"":[[[7.4908877,48.3601034019],[7.4908877,48.44317609],[7.805708724,48.44317609],[7.805708724,48.3601034019],[7.4908877,48.3601034019]]]}",Site,fr,defer
Wallanlagen_Karlsruhe,Loup Bernard - Günther Wieland,"Enceintes, site de hauteur, Baden-Württemberg, Karlsruhe",2016-09-15 12:01,2016-09-13 01:04,CC-BY-NC-SA,-6500,2016,195,51,Ouvrage,Terminée,Pays,"{""type"":""Polygon"",""coordinates"":[[[8.25688881660846,48.4081402746009],[8.25688881660846,49.4713629754042],[9.31201402456889,49.4713629754042],[9.31201402456889,48.4081402746009],[8.25688881660846,48.4081402746009]]]}",Site,fr,"Enceintes pré- et protohistoriques de la région de Karlsruhe. Transcription de l'ouvrage :
Christoph Morrissey, Dieter Müller mit Beiträgen von Günther Wieland
Vor- und frühgeschichtliche Befestigungen 27. Wallanlagen im Regierungsbezirk Karlsruhe
ISBN: 978-3-8062-2790-1"
Suisse_habitats_Carrard,Loup Bernard - Frédéric Carrard,Suisse Habitats La Tène,2016-09-15 11:53,2016-09-14 19:02,CC-BY-NC,-800,449,261,244,Recherche,Terminée,Pays,"{""type"":""Polygon"",""coordinates"":[[[5.9936,45.893695],[5.9936,47.57524],[8.2480461003,47.57524],[8.2480461003,45.893695],[5.9936,45.893695]]]}",Site,fr,Sites (et plus particulièrement habitats) du second âge du Fer en Suisse (base de données de Fr. Carrard).
Hoffmann_2007,Charlène Morel,"Inventaire, Allemagne",2016-09-07 13:17,2016-09-07 13:12,CC-BY-NC-SA,-6500,2016,428,254,Ouvrage,Terminée,Monde,"{""type"":""Polygon"",""coordinates"":[[[8.005,48.671111],[8.005,48.951389],[8.385556,48.951389],[8.385556,48.671111],[8.005,48.671111]]]}",Site,fr,"G. Hoffmann, Spuren Früher Zeiten, Funde und Fundstatten im Landkreis Rastatt, Verlag Regionalkultur, 2007."
Epaves,Philippe Jullien,Embarcation épaves mer lac riviere,2016-09-06 17:41,2016-09-06 17:32,CC-BY-NC,-300,1600,1063,1062,Inventaire,En cours,Haute mer,"{""type"":""Polygon"",""coordinates"":[[[-16,15.515],[-16,59.583],[40,59.583],[40,15.515],[-16,15.515]]]}",Site,fr,des Embarcation épaves dans la mer lac riviere dans le monde entier.
Funde und Fundstatten im Landkreis Rastatt,Loup Bernard,Prospection diachronie Rastatt,2016-08-20 16:56,2016-07-04 21:01,CC-BY-NC-SA,-6500,2016,383,254,Ouvrage,Terminée,Pays,"{""type"":""Polygon"",""coordinates"":[[[8.005,48.671112],[8.005,48.95139],[8.385556,48.95139],[8.385556,48.671112],[8.005,48.671112]]]}",Site,fr,"transcription de l'ouvrage :
G. Hoffmann, Spuren Früher Zeiten, Funde und Fundstatten im Landkreis Rastatt, Verlag Regionalkultur, 2007.
prospections, découvertes et sites dans le canton de Rastatt (BdW)"
L_Valdes,Eneko Hiriart,Habitat âge du Fer péninsule ibérique,2016-07-06 11:14,2016-07-06 10:56,CC-BY-NC,-1800,1492,55,43,Recherche,En cours,Pays,"{""type"":""Polygon"",""coordinates"":[[[-3.10140842761652,42.5625521755525],[-3.10140842761652,43.3213158362869],[-1.86242029466094,43.3213158362869],[-1.86242029466094,42.5625521755525],[-3.10140842761652,42.5625521755525]]]}",Site,es,sites de hauteur de l'âge du Fer en pays Basque
